"cod_acao","acao","cod_ug","ug","cod_fonte","fonte","cod_grupo_despesa","grupo_despesa","cod_natureza_despesa","natureza_despesa","credito_disponivel","credito_indisponivel","empenhado","liquidado","pago","campus"
"20RL","FUNCIONAMENTO DAS INSTITUICOES DA REDE FEDERAL DE EDUCACAO P","158134","INST.FED.DE EDUC.,CIENC.E TEC.DE SERGIPE","1000000000","RECURSOS LIVRES DA UNIAO",4,"INVESTIMENTOS","449000","APLICACOES DIRETAS",20616.63,0,0,0,0,"Campus Aracaju"
"20RL","FUNCIONAMENTO DAS INSTITUICOES DA REDE FEDERAL DE EDUCACAO P","158134","INST.FED.DE EDUC.,CIENC.E TEC.DE SERGIPE","1000000000","RECURSOS LIVRES DA UNIAO",4,"INVESTIMENTOS","449039","OUTROS SERVICOS DE TERCEIROS- PESSOA JURIDICA",0,0,0,0,0,"Campus Aracaju"
"20RL","FUNCIONAMENTO DAS INSTITUICOES DA REDE FEDERAL DE EDUCACAO P","158134","INST.FED.DE EDUC.,CIENC.E TEC.DE SERGIPE","1000000000","RECURSOS LIVRES DA UNIAO",4,"INVESTIMENTOS","449051","OBRAS E INSTALACOES",0,0,0,0,0,"Campus Aracaju"
"20RL","FUNCIONAMENTO DAS INSTITUICOES DA REDE FEDERAL DE EDUCACAO P","158134","INST.FED.DE EDUC.,CIENC.E TEC.DE SERGIPE","1000000000","RECURSOS LIVRES DA UNIAO",4,"INVESTIMENTOS","449052","EQUIPAMENTOS E MATERIAL PERMANENTE",0,0,39383.37,9250,9250,"Campus Aracaju"
"20RL","FUNCIONAMENTO DAS INSTITUICOES DA REDE FEDERAL DE EDUCACAO P","158134","INST.FED.DE EDUC.,CIENC.E TEC.DE SERGIPE","1000000000","RECURSOS LIVRES DA UNIAO",3,"OUTRAS DESPESAS CORRENTES","339000","APLICACOES DIRETAS",21259.18,0,0,0,0,"Campus Aracaju"
"20RL","FUNCIONAMENTO DAS INSTITUICOES DA REDE FEDERAL DE EDUCACAO P","158134","INST.FED.DE EDUC.,CIENC.E TEC.DE SERGIPE","1000000000","RECURSOS LIVRES DA UNIAO",3,"OUTRAS DESPESAS CORRENTES","339014","DIARIAS - PESSOAL CIVIL",0,0,0,0,0,"Campus Aracaju"
"20RL","FUNCIONAMENTO DAS INSTITUICOES DA REDE FEDERAL DE EDUCACAO P","158134","INST.FED.DE EDUC.,CIENC.E TEC.DE SERGIPE","1000000000","RECURSOS LIVRES DA UNIAO",3,"OUTRAS DESPESAS CORRENTES","339030","MATERIAL DE CONSUMO",2270.96,0,36303.38,17509.83,17509.83,"Campus Aracaju"
"20RL","FUNCIONAMENTO DAS INSTITUICOES DA REDE FEDERAL DE EDUCACAO P","158134","INST.FED.DE EDUC.,CIENC.E TEC.DE SERGIPE","1000000000","RECURSOS LIVRES DA UNIAO",3,"OUTRAS DESPESAS CORRENTES","339033","PASSAGENS E DESPESAS COM LOCOMOCAO",0,0,0,0,0,"Campus Aracaju"
"20RL","FUNCIONAMENTO DAS INSTITUICOES DA REDE FEDERAL DE EDUCACAO P","158134","INST.FED.DE EDUC.,CIENC.E TEC.DE SERGIPE","1000000000","RECURSOS LIVRES DA UNIAO",3,"OUTRAS DESPESAS CORRENTES","339037","LOCACAO DE MAO-DE-OBRA",0,0,387040.8,0,0,"Campus Aracaju"
"20RL","FUNCIONAMENTO DAS INSTITUICOES DA REDE FEDERAL DE EDUCACAO P","158134","INST.FED.DE EDUC.,CIENC.E TEC.DE SERGIPE","1000000000","RECURSOS LIVRES DA UNIAO",3,"OUTRAS DESPESAS CORRENTES","339039","OUTROS SERVICOS DE TERCEIROS - PESSOA JURIDICA",6486.58,0,57797.78,3600,3600,"Campus Aracaju"
"20RL","FUNCIONAMENTO DAS INSTITUICOES DA REDE FEDERAL DE EDUCACAO P","158134","INST.FED.DE EDUC.,CIENC.E TEC.DE SERGIPE","1000000000","RECURSOS LIVRES DA UNIAO",3,"OUTRAS DESPESAS CORRENTES","339040","SERVICOS DE TECNOLOGIA DA INFORMACAO E COMUNICACAO - PJ",0,0,0,0,0,"Campus Aracaju"
"20RL","FUNCIONAMENTO DAS INSTITUICOES DA REDE FEDERAL DE EDUCACAO P","158134","INST.FED.DE EDUC.,CIENC.E TEC.DE SERGIPE","1444000000","DEM.APL.REC.TIT.TN,EX.RF.DIV.PUB.",3,"OUTRAS DESPESAS CORRENTES","339000","APLICACOES DIRETAS",9738.95,0,0,0,0,"Campus Aracaju"
"20RL","FUNCIONAMENTO DAS INSTITUICOES DA REDE FEDERAL DE EDUCACAO P","158134","INST.FED.DE EDUC.,CIENC.E TEC.DE SERGIPE","1444000000","DEM.APL.REC.TIT.TN,EX.RF.DIV.PUB.",3,"OUTRAS DESPESAS CORRENTES","339030","MATERIAL DE CONSUMO",0,0,1330,0,0,"Campus Aracaju"
"20RL","FUNCIONAMENTO DAS INSTITUICOES DA REDE FEDERAL DE EDUCACAO P","158134","INST.FED.DE EDUC.,CIENC.E TEC.DE SERGIPE","1444000000","DEM.APL.REC.TIT.TN,EX.RF.DIV.PUB.",3,"OUTRAS DESPESAS CORRENTES","339037","LOCACAO DE MAO-DE-OBRA",0,0,623145.54,101949.87,81563.08,"Campus Aracaju"
"20RL","FUNCIONAMENTO DAS INSTITUICOES DA REDE FEDERAL DE EDUCACAO P","158134","INST.FED.DE EDUC.,CIENC.E TEC.DE SERGIPE","1444000000","DEM.APL.REC.TIT.TN,EX.RF.DIV.PUB.",3,"OUTRAS DESPESAS CORRENTES","339039","OUTROS SERVICOS DE TERCEIROS - PESSOA JURIDICA",2348.26,0,0,0,0,"Campus Aracaju"
"20RL","FUNCIONAMENTO DAS INSTITUICOES DA REDE FEDERAL DE EDUCACAO P","158393","INST. FED. DE SERGIPE/CAMPUS ARACAJU","1000000000","RECURSOS LIVRES DA UNIAO",3,"OUTRAS DESPESAS CORRENTES","339000","APLICACOES DIRETAS",0,0,0,0,0,"Campus Aracaju"
"20RL","FUNCIONAMENTO DAS INSTITUICOES DA REDE FEDERAL DE EDUCACAO P","158393","INST. FED. DE SERGIPE/CAMPUS ARACAJU","1000000000","RECURSOS LIVRES DA UNIAO",3,"OUTRAS DESPESAS CORRENTES","339014","DIARIAS - PESSOAL CIVIL",0,0,32000,9600.66,9480.12,"Campus Aracaju"
"20RL","FUNCIONAMENTO DAS INSTITUICOES DA REDE FEDERAL DE EDUCACAO P","158393","INST. FED. DE SERGIPE/CAMPUS ARACAJU","1000000000","RECURSOS LIVRES DA UNIAO",3,"OUTRAS DESPESAS CORRENTES","339030","MATERIAL DE CONSUMO",0,0,36000,12974.54,12974.54,"Campus Aracaju"
"20RL","FUNCIONAMENTO DAS INSTITUICOES DA REDE FEDERAL DE EDUCACAO P","158393","INST. FED. DE SERGIPE/CAMPUS ARACAJU","1000000000","RECURSOS LIVRES DA UNIAO",3,"OUTRAS DESPESAS CORRENTES","339033","PASSAGENS E DESPESAS COM LOCOMOCAO",25604.03,0,10,0,0,"Campus Aracaju"
"20RL","FUNCIONAMENTO DAS INSTITUICOES DA REDE FEDERAL DE EDUCACAO P","158393","INST. FED. DE SERGIPE/CAMPUS ARACAJU","1000000000","RECURSOS LIVRES DA UNIAO",3,"OUTRAS DESPESAS CORRENTES","339037","LOCACAO DE MAO-DE-OBRA",0,0,2070619.88,1469903,1452821.46,"Campus Aracaju"
"20RL","FUNCIONAMENTO DAS INSTITUICOES DA REDE FEDERAL DE EDUCACAO P","158393","INST. FED. DE SERGIPE/CAMPUS ARACAJU","1000000000","RECURSOS LIVRES DA UNIAO",3,"OUTRAS DESPESAS CORRENTES","339039","OUTROS SERVICOS DE TERCEIROS - PESSOA JURIDICA",0,0,1610758.33,707967.8,706860.58,"Campus Aracaju"
"20RL","FUNCIONAMENTO DAS INSTITUICOES DA REDE FEDERAL DE EDUCACAO P","158393","INST. FED. DE SERGIPE/CAMPUS ARACAJU","1000000000","RECURSOS LIVRES DA UNIAO",3,"OUTRAS DESPESAS CORRENTES","339040","SERVICOS DE TECNOLOGIA DA INFORMACAO E COMUNICACAO - PJ",0,0,106591.42,51555.24,49077.69,"Campus Aracaju"
"20RL","FUNCIONAMENTO DAS INSTITUICOES DA REDE FEDERAL DE EDUCACAO P","158393","INST. FED. DE SERGIPE/CAMPUS ARACAJU","1000000000","RECURSOS LIVRES DA UNIAO",3,"OUTRAS DESPESAS CORRENTES","339047","OBRIGACOES TRIBUTARIAS E CONTRIBUTIVAS",0,0,4640.6,2244.2,2244.2,"Campus Aracaju"
"20RL","FUNCIONAMENTO DAS INSTITUICOES DA REDE FEDERAL DE EDUCACAO P","158393","INST. FED. DE SERGIPE/CAMPUS ARACAJU","1000000000","RECURSOS LIVRES DA UNIAO",3,"OUTRAS DESPESAS CORRENTES","339092","DESPESAS DE EXERCICIOS ANTERIORES",0,0,1705,1705,1705,"Campus Aracaju"
"2994","ASSISTENCIA AOS ESTUDANTES DAS INSTITUICOES FEDERAIS DE EDUC","158134","INST.FED.DE EDUC.,CIENC.E TEC.DE SERGIPE","1000000000","RECURSOS LIVRES DA UNIAO",3,"OUTRAS DESPESAS CORRENTES","339000","APLICACOES DIRETAS",7907.81,0,0,0,0,"Campus Aracaju"
"2994","ASSISTENCIA AOS ESTUDANTES DAS INSTITUICOES FEDERAIS DE EDUC","158134","INST.FED.DE EDUC.,CIENC.E TEC.DE SERGIPE","1000000000","RECURSOS LIVRES DA UNIAO",3,"OUTRAS DESPESAS CORRENTES","339018","AUXILIO FINANCEIRO A ESTUDANTES",0,0,1290159.39,483258.26,480048.26,"Campus Aracaju"
"2994","ASSISTENCIA AOS ESTUDANTES DAS INSTITUICOES FEDERAIS DE EDUC","158134","INST.FED.DE EDUC.,CIENC.E TEC.DE SERGIPE","1444000000","DEM.APL.REC.TIT.TN,EX.RF.DIV.PUB.",3,"OUTRAS DESPESAS CORRENTES","339000","APLICACOES DIRETAS",0,0,0,0,0,"Campus Aracaju"
"2994","ASSISTENCIA AOS ESTUDANTES DAS INSTITUICOES FEDERAIS DE EDUC","158134","INST.FED.DE EDUC.,CIENC.E TEC.DE SERGIPE","1444000000","DEM.APL.REC.TIT.TN,EX.RF.DIV.PUB.",3,"OUTRAS DESPESAS CORRENTES","339018","AUXILIO FINANCEIRO A ESTUDANTES",0,0,197121,122170,122170,"Campus Aracaju"
"2994","ASSISTENCIA AOS ESTUDANTES DAS INSTITUICOES FEDERAIS DE EDUC","158393","INST. FED. DE SERGIPE/CAMPUS ARACAJU","1000000000","RECURSOS LIVRES DA UNIAO",3,"OUTRAS DESPESAS CORRENTES","339000","APLICACOES DIRETAS",0,0,0,0,0,"Campus Aracaju"
"2994","ASSISTENCIA AOS ESTUDANTES DAS INSTITUICOES FEDERAIS DE EDUC","158393","INST. FED. DE SERGIPE/CAMPUS ARACAJU","1000000000","RECURSOS LIVRES DA UNIAO",3,"OUTRAS DESPESAS CORRENTES","339018","AUXILIO FINANCEIRO A ESTUDANTES",0,0,75915.8,75915.8,75915.8,"Campus Aracaju"
"20RL","FUNCIONAMENTO DAS INSTITUICOES DA REDE FEDERAL DE EDUCACAO P","152426","INST. FED. DE SERGIPE/CAMPUS ESTANCIA","1000000000","RECURSOS LIVRES DA UNIAO",3,"OUTRAS DESPESAS CORRENTES","339000","APLICACOES DIRETAS",0,0,0,0,0,"Campus Estância"
"20RL","FUNCIONAMENTO DAS INSTITUICOES DA REDE FEDERAL DE EDUCACAO P","152426","INST. FED. DE SERGIPE/CAMPUS ESTANCIA","1000000000","RECURSOS LIVRES DA UNIAO",3,"OUTRAS DESPESAS CORRENTES","339014","DIARIAS - PESSOAL CIVIL",0,0,3341.02,281.2,281.2,"Campus Estância"
"20RL","FUNCIONAMENTO DAS INSTITUICOES DA REDE FEDERAL DE EDUCACAO P","152426","INST. FED. DE SERGIPE/CAMPUS ESTANCIA","1000000000","RECURSOS LIVRES DA UNIAO",3,"OUTRAS DESPESAS CORRENTES","339030","MATERIAL DE CONSUMO",0,0,32064.71,18707.97,16687.05,"Campus Estância"
"20RL","FUNCIONAMENTO DAS INSTITUICOES DA REDE FEDERAL DE EDUCACAO P","152426","INST. FED. DE SERGIPE/CAMPUS ESTANCIA","1000000000","RECURSOS LIVRES DA UNIAO",3,"OUTRAS DESPESAS CORRENTES","339037","LOCACAO DE MAO-DE-OBRA",0,0,1058660.48,666297.09,655674.83,"Campus Estância"
"20RL","FUNCIONAMENTO DAS INSTITUICOES DA REDE FEDERAL DE EDUCACAO P","152426","INST. FED. DE SERGIPE/CAMPUS ESTANCIA","1000000000","RECURSOS LIVRES DA UNIAO",3,"OUTRAS DESPESAS CORRENTES","339039","OUTROS SERVICOS DE TERCEIROS - PESSOA JURIDICA",0,0,365961.09,191097.19,191097.19,"Campus Estância"
"20RL","FUNCIONAMENTO DAS INSTITUICOES DA REDE FEDERAL DE EDUCACAO P","152426","INST. FED. DE SERGIPE/CAMPUS ESTANCIA","1000000000","RECURSOS LIVRES DA UNIAO",3,"OUTRAS DESPESAS CORRENTES","339040","SERVICOS DE TECNOLOGIA DA INFORMACAO E COMUNICACAO - PJ",0,0,20850,11850,11850,"Campus Estância"
"20RL","FUNCIONAMENTO DAS INSTITUICOES DA REDE FEDERAL DE EDUCACAO P","152426","INST. FED. DE SERGIPE/CAMPUS ESTANCIA","1000000000","RECURSOS LIVRES DA UNIAO",3,"OUTRAS DESPESAS CORRENTES","339047","OBRIGACOES TRIBUTARIAS E CONTRIBUTIVAS",0,0,3382.45,2073.75,2073.75,"Campus Estância"
"20RL","FUNCIONAMENTO DAS INSTITUICOES DA REDE FEDERAL DE EDUCACAO P","152426","INST. FED. DE SERGIPE/CAMPUS ESTANCIA","1000000000","RECURSOS LIVRES DA UNIAO",3,"OUTRAS DESPESAS CORRENTES","339092","DESPESAS DE EXERCICIOS ANTERIORES",0,0,9503.59,9503.59,9503.59,"Campus Estância"
"20RL","FUNCIONAMENTO DAS INSTITUICOES DA REDE FEDERAL DE EDUCACAO P","152426","INST. FED. DE SERGIPE/CAMPUS ESTANCIA","1000000000","RECURSOS LIVRES DA UNIAO",3,"OUTRAS DESPESAS CORRENTES","339147","OBRIG.TRIBUT.E CONTRIB-OP.INTRA-ORCAMENTARIAS",0,0,701.99,701.99,701.99,"Campus Estância"
"20RL","FUNCIONAMENTO DAS INSTITUICOES DA REDE FEDERAL DE EDUCACAO P","152426","INST. FED. DE SERGIPE/CAMPUS ESTANCIA","1444000000","DEM.APL.REC.TIT.TN,EX.RF.DIV.PUB.",3,"OUTRAS DESPESAS CORRENTES","339000","APLICACOES DIRETAS",0,0,0,0,0,"Campus Estância"
"20RL","FUNCIONAMENTO DAS INSTITUICOES DA REDE FEDERAL DE EDUCACAO P","152426","INST. FED. DE SERGIPE/CAMPUS ESTANCIA","1444000000","DEM.APL.REC.TIT.TN,EX.RF.DIV.PUB.",3,"OUTRAS DESPESAS CORRENTES","339037","LOCACAO DE MAO-DE-OBRA",0,0,97784.68,0,0,"Campus Estância"
"20RL","FUNCIONAMENTO DAS INSTITUICOES DA REDE FEDERAL DE EDUCACAO P","152426","INST. FED. DE SERGIPE/CAMPUS ESTANCIA","1444000000","DEM.APL.REC.TIT.TN,EX.RF.DIV.PUB.",3,"OUTRAS DESPESAS CORRENTES","339039","OUTROS SERVICOS DE TERCEIROS - PESSOA JURIDICA",0,0,5425,0,0,"Campus Estância"
"20RL","FUNCIONAMENTO DAS INSTITUICOES DA REDE FEDERAL DE EDUCACAO P","158134","INST.FED.DE EDUC.,CIENC.E TEC.DE SERGIPE","1000000000","RECURSOS LIVRES DA UNIAO",3,"OUTRAS DESPESAS CORRENTES","339000","APLICACOES DIRETAS",5404.25,0,0,0,0,"Campus Estância"
"20RL","FUNCIONAMENTO DAS INSTITUICOES DA REDE FEDERAL DE EDUCACAO P","158134","INST.FED.DE EDUC.,CIENC.E TEC.DE SERGIPE","1000000000","RECURSOS LIVRES DA UNIAO",3,"OUTRAS DESPESAS CORRENTES","339018","AUXILIO FINANCEIRO A ESTUDANTES",0,0,50400,0,0,"Campus Estância"
"20RL","FUNCIONAMENTO DAS INSTITUICOES DA REDE FEDERAL DE EDUCACAO P","158134","INST.FED.DE EDUC.,CIENC.E TEC.DE SERGIPE","1000000000","RECURSOS LIVRES DA UNIAO",3,"OUTRAS DESPESAS CORRENTES","339030","MATERIAL DE CONSUMO",0,0,6137.5,6137.5,6137.5,"Campus Estância"
"20RL","FUNCIONAMENTO DAS INSTITUICOES DA REDE FEDERAL DE EDUCACAO P","158134","INST.FED.DE EDUC.,CIENC.E TEC.DE SERGIPE","1000000000","RECURSOS LIVRES DA UNIAO",3,"OUTRAS DESPESAS CORRENTES","339039","OUTROS SERVICOS DE TERCEIROS - PESSOA JURIDICA",1135.95,0,8100,0,0,"Campus Estância"
"20RL","FUNCIONAMENTO DAS INSTITUICOES DA REDE FEDERAL DE EDUCACAO P","158134","INST.FED.DE EDUC.,CIENC.E TEC.DE SERGIPE","1000000000","RECURSOS LIVRES DA UNIAO",3,"OUTRAS DESPESAS CORRENTES","339047","OBRIGACOES TRIBUTARIAS E CONTRIBUTIVAS",0,0,14612.07,14612.07,14612.07,"Campus Estância"
"20RL","FUNCIONAMENTO DAS INSTITUICOES DA REDE FEDERAL DE EDUCACAO P","158134","INST.FED.DE EDUC.,CIENC.E TEC.DE SERGIPE","1000000000","RECURSOS LIVRES DA UNIAO",3,"OUTRAS DESPESAS CORRENTES","339147","OBRIG.TRIBUT.E CONTRIB-OP.INTRA-ORCAMENTARIAS",0,0,0,0,0,"Campus Estância"
"20RL","FUNCIONAMENTO DAS INSTITUICOES DA REDE FEDERAL DE EDUCACAO P","158134","INST.FED.DE EDUC.,CIENC.E TEC.DE SERGIPE","1444000000","DEM.APL.REC.TIT.TN,EX.RF.DIV.PUB.",3,"OUTRAS DESPESAS CORRENTES","339000","APLICACOES DIRETAS",156288.07,0,0,0,0,"Campus Estância"
"2994","ASSISTENCIA AOS ESTUDANTES DAS INSTITUICOES FEDERAIS DE EDUC","158134","INST.FED.DE EDUC.,CIENC.E TEC.DE SERGIPE","1000000000","RECURSOS LIVRES DA UNIAO",3,"OUTRAS DESPESAS CORRENTES","339000","APLICACOES DIRETAS",214851.84,0,0,0,0,"Campus Estância"
"2994","ASSISTENCIA AOS ESTUDANTES DAS INSTITUICOES FEDERAIS DE EDUC","158134","INST.FED.DE EDUC.,CIENC.E TEC.DE SERGIPE","1000000000","RECURSOS LIVRES DA UNIAO",3,"OUTRAS DESPESAS CORRENTES","339018","AUXILIO FINANCEIRO A ESTUDANTES",0,0,110816.16,63376.24,63016.24,"Campus Estância"
"2994","ASSISTENCIA AOS ESTUDANTES DAS INSTITUICOES FEDERAIS DE EDUC","158134","INST.FED.DE EDUC.,CIENC.E TEC.DE SERGIPE","1444000000","DEM.APL.REC.TIT.TN,EX.RF.DIV.PUB.",3,"OUTRAS DESPESAS CORRENTES","339000","APLICACOES DIRETAS",28999,0,0,0,0,"Campus Estância"
"20RL","FUNCIONAMENTO DAS INSTITUICOES DA REDE FEDERAL DE EDUCACAO P","152420","INST. FED. DE SERGIPE/CAMPUS N.Sª DA GLORIA","1000000000","RECURSOS LIVRES DA UNIAO",3,"OUTRAS DESPESAS CORRENTES","339000","APLICACOES DIRETAS",0,0,0,0,0,"Campus Glória"
"20RL","FUNCIONAMENTO DAS INSTITUICOES DA REDE FEDERAL DE EDUCACAO P","152420","INST. FED. DE SERGIPE/CAMPUS N.Sª DA GLORIA","1000000000","RECURSOS LIVRES DA UNIAO",3,"OUTRAS DESPESAS CORRENTES","339014","DIARIAS - PESSOAL CIVIL",0,0,20000,11946.77,11946.77,"Campus Glória"
"20RL","FUNCIONAMENTO DAS INSTITUICOES DA REDE FEDERAL DE EDUCACAO P","152420","INST. FED. DE SERGIPE/CAMPUS N.Sª DA GLORIA","1000000000","RECURSOS LIVRES DA UNIAO",3,"OUTRAS DESPESAS CORRENTES","339018","AUXILIO FINANCEIRO A ESTUDANTES",0,0,0,0,0,"Campus Glória"
"20RL","FUNCIONAMENTO DAS INSTITUICOES DA REDE FEDERAL DE EDUCACAO P","152420","INST. FED. DE SERGIPE/CAMPUS N.Sª DA GLORIA","1000000000","RECURSOS LIVRES DA UNIAO",3,"OUTRAS DESPESAS CORRENTES","339030","MATERIAL DE CONSUMO",0,0,24020.77,10972.47,10972.47,"Campus Glória"
"20RL","FUNCIONAMENTO DAS INSTITUICOES DA REDE FEDERAL DE EDUCACAO P","152420","INST. FED. DE SERGIPE/CAMPUS N.Sª DA GLORIA","1000000000","RECURSOS LIVRES DA UNIAO",3,"OUTRAS DESPESAS CORRENTES","339037","LOCACAO DE MAO-DE-OBRA",0,0,665408.87,518911.81,510606.16,"Campus Glória"
"20RL","FUNCIONAMENTO DAS INSTITUICOES DA REDE FEDERAL DE EDUCACAO P","152420","INST. FED. DE SERGIPE/CAMPUS N.Sª DA GLORIA","1000000000","RECURSOS LIVRES DA UNIAO",3,"OUTRAS DESPESAS CORRENTES","339039","OUTROS SERVICOS DE TERCEIROS - PESSOA JURIDICA",0,0,227440.64,126881.68,124121.68,"Campus Glória"
"20RL","FUNCIONAMENTO DAS INSTITUICOES DA REDE FEDERAL DE EDUCACAO P","152420","INST. FED. DE SERGIPE/CAMPUS N.Sª DA GLORIA","1000000000","RECURSOS LIVRES DA UNIAO",3,"OUTRAS DESPESAS CORRENTES","339040","SERVICOS DE TECNOLOGIA DA INFORMACAO E COMUNICACAO - PJ",0,0,27330.74,16757.64,16757.64,"Campus Glória"
"20RL","FUNCIONAMENTO DAS INSTITUICOES DA REDE FEDERAL DE EDUCACAO P","152420","INST. FED. DE SERGIPE/CAMPUS N.Sª DA GLORIA","1000000000","RECURSOS LIVRES DA UNIAO",3,"OUTRAS DESPESAS CORRENTES","339047","OBRIGACOES TRIBUTARIAS E CONTRIBUTIVAS",0,0,4799.21,3049.13,3049.13,"Campus Glória"
"20RL","FUNCIONAMENTO DAS INSTITUICOES DA REDE FEDERAL DE EDUCACAO P","152420","INST. FED. DE SERGIPE/CAMPUS N.Sª DA GLORIA","1000000000","RECURSOS LIVRES DA UNIAO",3,"OUTRAS DESPESAS CORRENTES","339147","OBRIG.TRIBUT.E CONTRIB-OP.INTRA-ORCAMENTARIAS",0,0,0,0,0,"Campus Glória"
"20RL","FUNCIONAMENTO DAS INSTITUICOES DA REDE FEDERAL DE EDUCACAO P","152420","INST. FED. DE SERGIPE/CAMPUS N.Sª DA GLORIA","1444000000","DEM.APL.REC.TIT.TN,EX.RF.DIV.PUB.",3,"OUTRAS DESPESAS CORRENTES","339000","APLICACOES DIRETAS",0,0,0,0,0,"Campus Glória"
"20RL","FUNCIONAMENTO DAS INSTITUICOES DA REDE FEDERAL DE EDUCACAO P","152420","INST. FED. DE SERGIPE/CAMPUS N.Sª DA GLORIA","1444000000","DEM.APL.REC.TIT.TN,EX.RF.DIV.PUB.",3,"OUTRAS DESPESAS CORRENTES","339037","LOCACAO DE MAO-DE-OBRA",0,0,192085.06,76285.44,67509.84,"Campus Glória"
"20RL","FUNCIONAMENTO DAS INSTITUICOES DA REDE FEDERAL DE EDUCACAO P","152420","INST. FED. DE SERGIPE/CAMPUS N.Sª DA GLORIA","1444000000","DEM.APL.REC.TIT.TN,EX.RF.DIV.PUB.",3,"OUTRAS DESPESAS CORRENTES","339047","OBRIGACOES TRIBUTARIAS E CONTRIBUTIVAS",0,0,54.87,54.87,54.87,"Campus Glória"
"20RL","FUNCIONAMENTO DAS INSTITUICOES DA REDE FEDERAL DE EDUCACAO P","158134","INST.FED.DE EDUC.,CIENC.E TEC.DE SERGIPE","1000000000","RECURSOS LIVRES DA UNIAO",4,"INVESTIMENTOS","449000","APLICACOES DIRETAS",4500,0,0,0,0,"Campus Glória"
"20RL","FUNCIONAMENTO DAS INSTITUICOES DA REDE FEDERAL DE EDUCACAO P","158134","INST.FED.DE EDUC.,CIENC.E TEC.DE SERGIPE","1000000000","RECURSOS LIVRES DA UNIAO",3,"OUTRAS DESPESAS CORRENTES","339000","APLICACOES DIRETAS",0,0,0,0,0,"Campus Glória"
"20RL","FUNCIONAMENTO DAS INSTITUICOES DA REDE FEDERAL DE EDUCACAO P","158134","INST.FED.DE EDUC.,CIENC.E TEC.DE SERGIPE","1000000000","RECURSOS LIVRES DA UNIAO",3,"OUTRAS DESPESAS CORRENTES","339014","DIARIAS - PESSOAL CIVIL",0,0,0,0,0,"Campus Glória"
"20RL","FUNCIONAMENTO DAS INSTITUICOES DA REDE FEDERAL DE EDUCACAO P","158134","INST.FED.DE EDUC.,CIENC.E TEC.DE SERGIPE","1000000000","RECURSOS LIVRES DA UNIAO",3,"OUTRAS DESPESAS CORRENTES","339039","OUTROS SERVICOS DE TERCEIROS - PESSOA JURIDICA",35113.9,0,784,784,784,"Campus Glória"
"20RL","FUNCIONAMENTO DAS INSTITUICOES DA REDE FEDERAL DE EDUCACAO P","158134","INST.FED.DE EDUC.,CIENC.E TEC.DE SERGIPE","1444000000","DEM.APL.REC.TIT.TN,EX.RF.DIV.PUB.",3,"OUTRAS DESPESAS CORRENTES","339000","APLICACOES DIRETAS",155360.96,0,0,0,0,"Campus Glória"
"20RL","FUNCIONAMENTO DAS INSTITUICOES DA REDE FEDERAL DE EDUCACAO P","158134","INST.FED.DE EDUC.,CIENC.E TEC.DE SERGIPE","1444000000","DEM.APL.REC.TIT.TN,EX.RF.DIV.PUB.",3,"OUTRAS DESPESAS CORRENTES","339030","MATERIAL DE CONSUMO",0,0,9278.61,1179.94,1179.94,"Campus Glória"
"20RL","FUNCIONAMENTO DAS INSTITUICOES DA REDE FEDERAL DE EDUCACAO P","158134","INST.FED.DE EDUC.,CIENC.E TEC.DE SERGIPE","1444000000","DEM.APL.REC.TIT.TN,EX.RF.DIV.PUB.",3,"OUTRAS DESPESAS CORRENTES","339037","LOCACAO DE MAO-DE-OBRA",0,0,100095.04,0,0,"Campus Glória"
"20RL","FUNCIONAMENTO DAS INSTITUICOES DA REDE FEDERAL DE EDUCACAO P","158134","INST.FED.DE EDUC.,CIENC.E TEC.DE SERGIPE","1444000000","DEM.APL.REC.TIT.TN,EX.RF.DIV.PUB.",3,"OUTRAS DESPESAS CORRENTES","339039","OUTROS SERVICOS DE TERCEIROS - PESSOA JURIDICA",3720.98,0,2487.33,0,0,"Campus Glória"
"2994","ASSISTENCIA AOS ESTUDANTES DAS INSTITUICOES FEDERAIS DE EDUC","152420","INST. FED. DE SERGIPE/CAMPUS N.Sª DA GLORIA","1000000000","RECURSOS LIVRES DA UNIAO",3,"OUTRAS DESPESAS CORRENTES","339000","APLICACOES DIRETAS",0,0,0,0,0,"Campus Glória"
"2994","ASSISTENCIA AOS ESTUDANTES DAS INSTITUICOES FEDERAIS DE EDUC","152420","INST. FED. DE SERGIPE/CAMPUS N.Sª DA GLORIA","1000000000","RECURSOS LIVRES DA UNIAO",3,"OUTRAS DESPESAS CORRENTES","339018","AUXILIO FINANCEIRO A ESTUDANTES",0,0,2516,2516,2516,"Campus Glória"
"2994","ASSISTENCIA AOS ESTUDANTES DAS INSTITUICOES FEDERAIS DE EDUC","158134","INST.FED.DE EDUC.,CIENC.E TEC.DE SERGIPE","1000000000","RECURSOS LIVRES DA UNIAO",3,"OUTRAS DESPESAS CORRENTES","339000","APLICACOES DIRETAS",0,0,0,0,0,"Campus Glória"
"2994","ASSISTENCIA AOS ESTUDANTES DAS INSTITUICOES FEDERAIS DE EDUC","158134","INST.FED.DE EDUC.,CIENC.E TEC.DE SERGIPE","1000000000","RECURSOS LIVRES DA UNIAO",3,"OUTRAS DESPESAS CORRENTES","339018","AUXILIO FINANCEIRO A ESTUDANTES",0,0,150195,80377,66151,"Campus Glória"
"2994","ASSISTENCIA AOS ESTUDANTES DAS INSTITUICOES FEDERAIS DE EDUC","158134","INST.FED.DE EDUC.,CIENC.E TEC.DE SERGIPE","1444000000","DEM.APL.REC.TIT.TN,EX.RF.DIV.PUB.",3,"OUTRAS DESPESAS CORRENTES","339000","APLICACOES DIRETAS",7201,0,0,0,0,"Campus Glória"
"2994","ASSISTENCIA AOS ESTUDANTES DAS INSTITUICOES FEDERAIS DE EDUC","158134","INST.FED.DE EDUC.,CIENC.E TEC.DE SERGIPE","1444000000","DEM.APL.REC.TIT.TN,EX.RF.DIV.PUB.",3,"OUTRAS DESPESAS CORRENTES","339018","AUXILIO FINANCEIRO A ESTUDANTES",0,0,1500,750,750,"Campus Glória"
"20RG","REESTRUTURACAO E MODERNIZACAO DAS INSTITUICOES DA REDE FEDER","158134","INST.FED.DE EDUC.,CIENC.E TEC.DE SERGIPE","1000000000","RECURSOS LIVRES DA UNIAO",4,"INVESTIMENTOS","449000","APLICACOES DIRETAS",0,0,0,0,0,"Campus Itabaiana"
"20RG","REESTRUTURACAO E MODERNIZACAO DAS INSTITUICOES DA REDE FEDER","158134","INST.FED.DE EDUC.,CIENC.E TEC.DE SERGIPE","1000000000","RECURSOS LIVRES DA UNIAO",4,"INVESTIMENTOS","449051","OBRAS E INSTALACOES",5e+05,0,0,0,0,"Campus Itabaiana"
"20RL","FUNCIONAMENTO DAS INSTITUICOES DA REDE FEDERAL DE EDUCACAO P","152430","INST. FED. DE SERGIPE/CAMPUS ITABAIANA","1000000000","RECURSOS LIVRES DA UNIAO",3,"OUTRAS DESPESAS CORRENTES","339000","APLICACOES DIRETAS",0,0,0,0,0,"Campus Itabaiana"
"20RL","FUNCIONAMENTO DAS INSTITUICOES DA REDE FEDERAL DE EDUCACAO P","152430","INST. FED. DE SERGIPE/CAMPUS ITABAIANA","1000000000","RECURSOS LIVRES DA UNIAO",3,"OUTRAS DESPESAS CORRENTES","339014","DIARIAS - PESSOAL CIVIL",0,0,23000,15814.29,15814.29,"Campus Itabaiana"
"20RL","FUNCIONAMENTO DAS INSTITUICOES DA REDE FEDERAL DE EDUCACAO P","152430","INST. FED. DE SERGIPE/CAMPUS ITABAIANA","1000000000","RECURSOS LIVRES DA UNIAO",3,"OUTRAS DESPESAS CORRENTES","339030","MATERIAL DE CONSUMO",0,0,14600,10688.6,10688.6,"Campus Itabaiana"
"20RL","FUNCIONAMENTO DAS INSTITUICOES DA REDE FEDERAL DE EDUCACAO P","152430","INST. FED. DE SERGIPE/CAMPUS ITABAIANA","1000000000","RECURSOS LIVRES DA UNIAO",3,"OUTRAS DESPESAS CORRENTES","339037","LOCACAO DE MAO-DE-OBRA",0,0,745473.55,608625.34,600355.14,"Campus Itabaiana"
"20RL","FUNCIONAMENTO DAS INSTITUICOES DA REDE FEDERAL DE EDUCACAO P","152430","INST. FED. DE SERGIPE/CAMPUS ITABAIANA","1000000000","RECURSOS LIVRES DA UNIAO",3,"OUTRAS DESPESAS CORRENTES","339039","OUTROS SERVICOS DE TERCEIROS - PESSOA JURIDICA",0,0,524661.53,221525.6,221318.08,"Campus Itabaiana"
"20RL","FUNCIONAMENTO DAS INSTITUICOES DA REDE FEDERAL DE EDUCACAO P","152430","INST. FED. DE SERGIPE/CAMPUS ITABAIANA","1000000000","RECURSOS LIVRES DA UNIAO",3,"OUTRAS DESPESAS CORRENTES","339040","SERVICOS DE TECNOLOGIA DA INFORMACAO E COMUNICACAO - PJ",0,0,43318.23,26968.24,26968.24,"Campus Itabaiana"
"20RL","FUNCIONAMENTO DAS INSTITUICOES DA REDE FEDERAL DE EDUCACAO P","152430","INST. FED. DE SERGIPE/CAMPUS ITABAIANA","1000000000","RECURSOS LIVRES DA UNIAO",3,"OUTRAS DESPESAS CORRENTES","339047","OBRIGACOES TRIBUTARIAS E CONTRIBUTIVAS",0,0,1278.72,753.68,753.68,"Campus Itabaiana"
"20RL","FUNCIONAMENTO DAS INSTITUICOES DA REDE FEDERAL DE EDUCACAO P","152430","INST. FED. DE SERGIPE/CAMPUS ITABAIANA","1000000000","RECURSOS LIVRES DA UNIAO",3,"OUTRAS DESPESAS CORRENTES","339147","OBRIG.TRIBUT.E CONTRIB-OP.INTRA-ORCAMENTARIAS",0,0,0,0,0,"Campus Itabaiana"
"20RL","FUNCIONAMENTO DAS INSTITUICOES DA REDE FEDERAL DE EDUCACAO P","152430","INST. FED. DE SERGIPE/CAMPUS ITABAIANA","1444000000","DEM.APL.REC.TIT.TN,EX.RF.DIV.PUB.",3,"OUTRAS DESPESAS CORRENTES","339000","APLICACOES DIRETAS",0,0,0,0,0,"Campus Itabaiana"
"20RL","FUNCIONAMENTO DAS INSTITUICOES DA REDE FEDERAL DE EDUCACAO P","152430","INST. FED. DE SERGIPE/CAMPUS ITABAIANA","1444000000","DEM.APL.REC.TIT.TN,EX.RF.DIV.PUB.",3,"OUTRAS DESPESAS CORRENTES","339030","MATERIAL DE CONSUMO",0,0,12000,0,0,"Campus Itabaiana"
"20RL","FUNCIONAMENTO DAS INSTITUICOES DA REDE FEDERAL DE EDUCACAO P","152430","INST. FED. DE SERGIPE/CAMPUS ITABAIANA","1444000000","DEM.APL.REC.TIT.TN,EX.RF.DIV.PUB.",3,"OUTRAS DESPESAS CORRENTES","339037","LOCACAO DE MAO-DE-OBRA",0,0,201439.88,39147.83,35379.8,"Campus Itabaiana"
"20RL","FUNCIONAMENTO DAS INSTITUICOES DA REDE FEDERAL DE EDUCACAO P","158134","INST.FED.DE EDUC.,CIENC.E TEC.DE SERGIPE","1000000000","RECURSOS LIVRES DA UNIAO",4,"INVESTIMENTOS","449000","APLICACOES DIRETAS",4500,0,0,0,0,"Campus Itabaiana"
"20RL","FUNCIONAMENTO DAS INSTITUICOES DA REDE FEDERAL DE EDUCACAO P","158134","INST.FED.DE EDUC.,CIENC.E TEC.DE SERGIPE","1000000000","RECURSOS LIVRES DA UNIAO",4,"INVESTIMENTOS","449051","OBRAS E INSTALACOES",53580.61,0,0,0,0,"Campus Itabaiana"
"20RL","FUNCIONAMENTO DAS INSTITUICOES DA REDE FEDERAL DE EDUCACAO P","158134","INST.FED.DE EDUC.,CIENC.E TEC.DE SERGIPE","1000000000","RECURSOS LIVRES DA UNIAO",3,"OUTRAS DESPESAS CORRENTES","339000","APLICACOES DIRETAS",0,0,0,0,0,"Campus Itabaiana"
"20RL","FUNCIONAMENTO DAS INSTITUICOES DA REDE FEDERAL DE EDUCACAO P","158134","INST.FED.DE EDUC.,CIENC.E TEC.DE SERGIPE","1000000000","RECURSOS LIVRES DA UNIAO",3,"OUTRAS DESPESAS CORRENTES","339030","MATERIAL DE CONSUMO",0,0,4732.5,4732.5,4732.5,"Campus Itabaiana"
"20RL","FUNCIONAMENTO DAS INSTITUICOES DA REDE FEDERAL DE EDUCACAO P","158134","INST.FED.DE EDUC.,CIENC.E TEC.DE SERGIPE","1000000000","RECURSOS LIVRES DA UNIAO",3,"OUTRAS DESPESAS CORRENTES","339037","LOCACAO DE MAO-DE-OBRA",0,0,181222.01,0,0,"Campus Itabaiana"
"20RL","FUNCIONAMENTO DAS INSTITUICOES DA REDE FEDERAL DE EDUCACAO P","158134","INST.FED.DE EDUC.,CIENC.E TEC.DE SERGIPE","1000000000","RECURSOS LIVRES DA UNIAO",3,"OUTRAS DESPESAS CORRENTES","339039","OUTROS SERVICOS DE TERCEIROS - PESSOA JURIDICA",13381.79,0,30325.9,30325.9,30325.9,"Campus Itabaiana"
"20RL","FUNCIONAMENTO DAS INSTITUICOES DA REDE FEDERAL DE EDUCACAO P","158134","INST.FED.DE EDUC.,CIENC.E TEC.DE SERGIPE","1000000000","RECURSOS LIVRES DA UNIAO",3,"OUTRAS DESPESAS CORRENTES","339040","SERVICOS DE TECNOLOGIA DA INFORMACAO E COMUNICACAO - PJ",0,0,0,0,0,"Campus Itabaiana"
"20RL","FUNCIONAMENTO DAS INSTITUICOES DA REDE FEDERAL DE EDUCACAO P","158134","INST.FED.DE EDUC.,CIENC.E TEC.DE SERGIPE","1444000000","DEM.APL.REC.TIT.TN,EX.RF.DIV.PUB.",3,"OUTRAS DESPESAS CORRENTES","339000","APLICACOES DIRETAS",76128.56,0,0,0,0,"Campus Itabaiana"
"20RL","FUNCIONAMENTO DAS INSTITUICOES DA REDE FEDERAL DE EDUCACAO P","158134","INST.FED.DE EDUC.,CIENC.E TEC.DE SERGIPE","1444000000","DEM.APL.REC.TIT.TN,EX.RF.DIV.PUB.",3,"OUTRAS DESPESAS CORRENTES","339037","LOCACAO DE MAO-DE-OBRA",0,0,6557.13,0,0,"Campus Itabaiana"
"20RL","FUNCIONAMENTO DAS INSTITUICOES DA REDE FEDERAL DE EDUCACAO P","158134","INST.FED.DE EDUC.,CIENC.E TEC.DE SERGIPE","1444000000","DEM.APL.REC.TIT.TN,EX.RF.DIV.PUB.",3,"OUTRAS DESPESAS CORRENTES","339039","OUTROS SERVICOS DE TERCEIROS - PESSOA JURIDICA",0,0,2991.3,2991.3,0,"Campus Itabaiana"
"2994","ASSISTENCIA AOS ESTUDANTES DAS INSTITUICOES FEDERAIS DE EDUC","158134","INST.FED.DE EDUC.,CIENC.E TEC.DE SERGIPE","1000000000","RECURSOS LIVRES DA UNIAO",3,"OUTRAS DESPESAS CORRENTES","339000","APLICACOES DIRETAS",122035.3,0,0,0,0,"Campus Itabaiana"
"2994","ASSISTENCIA AOS ESTUDANTES DAS INSTITUICOES FEDERAIS DE EDUC","158134","INST.FED.DE EDUC.,CIENC.E TEC.DE SERGIPE","1000000000","RECURSOS LIVRES DA UNIAO",3,"OUTRAS DESPESAS CORRENTES","339018","AUXILIO FINANCEIRO A ESTUDANTES",0,0,267501.7,151247.66,151247.66,"Campus Itabaiana"
"2994","ASSISTENCIA AOS ESTUDANTES DAS INSTITUICOES FEDERAIS DE EDUC","158134","INST.FED.DE EDUC.,CIENC.E TEC.DE SERGIPE","1444000000","DEM.APL.REC.TIT.TN,EX.RF.DIV.PUB.",3,"OUTRAS DESPESAS CORRENTES","339000","APLICACOES DIRETAS",37206,0,0,0,0,"Campus Itabaiana"
"20RL","FUNCIONAMENTO DAS INSTITUICOES DA REDE FEDERAL DE EDUCACAO P","158134","INST.FED.DE EDUC.,CIENC.E TEC.DE SERGIPE","1000000000","RECURSOS LIVRES DA UNIAO",4,"INVESTIMENTOS","449000","APLICACOES DIRETAS",3e+05,0,0,0,0,"Campus Lagarto"
"20RL","FUNCIONAMENTO DAS INSTITUICOES DA REDE FEDERAL DE EDUCACAO P","158134","INST.FED.DE EDUC.,CIENC.E TEC.DE SERGIPE","1000000000","RECURSOS LIVRES DA UNIAO",3,"OUTRAS DESPESAS CORRENTES","339000","APLICACOES DIRETAS",918.77,0,0,0,0,"Campus Lagarto"
"20RL","FUNCIONAMENTO DAS INSTITUICOES DA REDE FEDERAL DE EDUCACAO P","158134","INST.FED.DE EDUC.,CIENC.E TEC.DE SERGIPE","1000000000","RECURSOS LIVRES DA UNIAO",3,"OUTRAS DESPESAS CORRENTES","339030","MATERIAL DE CONSUMO",0,0,3348.75,598.75,598.75,"Campus Lagarto"
"20RL","FUNCIONAMENTO DAS INSTITUICOES DA REDE FEDERAL DE EDUCACAO P","158134","INST.FED.DE EDUC.,CIENC.E TEC.DE SERGIPE","1000000000","RECURSOS LIVRES DA UNIAO",3,"OUTRAS DESPESAS CORRENTES","339039","OUTROS SERVICOS DE TERCEIROS - PESSOA JURIDICA",0,0,222395.94,84259.26,84259.26,"Campus Lagarto"
"20RL","FUNCIONAMENTO DAS INSTITUICOES DA REDE FEDERAL DE EDUCACAO P","158134","INST.FED.DE EDUC.,CIENC.E TEC.DE SERGIPE","1000000000","RECURSOS LIVRES DA UNIAO",3,"OUTRAS DESPESAS CORRENTES","339047","OBRIGACOES TRIBUTARIAS E CONTRIBUTIVAS",0,0,2604.06,1157.36,1157.36,"Campus Lagarto"
"20RL","FUNCIONAMENTO DAS INSTITUICOES DA REDE FEDERAL DE EDUCACAO P","158134","INST.FED.DE EDUC.,CIENC.E TEC.DE SERGIPE","1444000000","DEM.APL.REC.TIT.TN,EX.RF.DIV.PUB.",3,"OUTRAS DESPESAS CORRENTES","339000","APLICACOES DIRETAS",87847.03,0,0,0,0,"Campus Lagarto"
"20RL","FUNCIONAMENTO DAS INSTITUICOES DA REDE FEDERAL DE EDUCACAO P","158134","INST.FED.DE EDUC.,CIENC.E TEC.DE SERGIPE","1444000000","DEM.APL.REC.TIT.TN,EX.RF.DIV.PUB.",3,"OUTRAS DESPESAS CORRENTES","339037","LOCACAO DE MAO-DE-OBRA",177483.18,0,0,0,0,"Campus Lagarto"
"20RL","FUNCIONAMENTO DAS INSTITUICOES DA REDE FEDERAL DE EDUCACAO P","158394","INST. FED. DE SERGIPE/CAMPUS LAGARTO","1000000000","RECURSOS LIVRES DA UNIAO",3,"OUTRAS DESPESAS CORRENTES","339000","APLICACOES DIRETAS",5315.72,0,0,0,0,"Campus Lagarto"
"20RL","FUNCIONAMENTO DAS INSTITUICOES DA REDE FEDERAL DE EDUCACAO P","158394","INST. FED. DE SERGIPE/CAMPUS LAGARTO","1000000000","RECURSOS LIVRES DA UNIAO",3,"OUTRAS DESPESAS CORRENTES","339014","DIARIAS - PESSOAL CIVIL",0,0,17666.67,8088,8088,"Campus Lagarto"
"20RL","FUNCIONAMENTO DAS INSTITUICOES DA REDE FEDERAL DE EDUCACAO P","158394","INST. FED. DE SERGIPE/CAMPUS LAGARTO","1000000000","RECURSOS LIVRES DA UNIAO",3,"OUTRAS DESPESAS CORRENTES","339030","MATERIAL DE CONSUMO",0,0,21766.18,13037.56,13037.56,"Campus Lagarto"
"20RL","FUNCIONAMENTO DAS INSTITUICOES DA REDE FEDERAL DE EDUCACAO P","158394","INST. FED. DE SERGIPE/CAMPUS LAGARTO","1000000000","RECURSOS LIVRES DA UNIAO",3,"OUTRAS DESPESAS CORRENTES","339033","PASSAGENS E DESPESAS COM LOCOMOCAO",0,0,8637.49,0,0,"Campus Lagarto"
"20RL","FUNCIONAMENTO DAS INSTITUICOES DA REDE FEDERAL DE EDUCACAO P","158394","INST. FED. DE SERGIPE/CAMPUS LAGARTO","1000000000","RECURSOS LIVRES DA UNIAO",3,"OUTRAS DESPESAS CORRENTES","339037","LOCACAO DE MAO-DE-OBRA",0,0,1167938.13,754857.45,684467.22,"Campus Lagarto"
"20RL","FUNCIONAMENTO DAS INSTITUICOES DA REDE FEDERAL DE EDUCACAO P","158394","INST. FED. DE SERGIPE/CAMPUS LAGARTO","1000000000","RECURSOS LIVRES DA UNIAO",3,"OUTRAS DESPESAS CORRENTES","339039","OUTROS SERVICOS DE TERCEIROS - PESSOA JURIDICA",0,0,175490.69,108862.68,106804.05,"Campus Lagarto"
"20RL","FUNCIONAMENTO DAS INSTITUICOES DA REDE FEDERAL DE EDUCACAO P","158394","INST. FED. DE SERGIPE/CAMPUS LAGARTO","1000000000","RECURSOS LIVRES DA UNIAO",3,"OUTRAS DESPESAS CORRENTES","339040","SERVICOS DE TECNOLOGIA DA INFORMACAO E COMUNICACAO - PJ",0,0,33086.64,20786.9,20786.9,"Campus Lagarto"
"20RL","FUNCIONAMENTO DAS INSTITUICOES DA REDE FEDERAL DE EDUCACAO P","158394","INST. FED. DE SERGIPE/CAMPUS LAGARTO","1000000000","RECURSOS LIVRES DA UNIAO",3,"OUTRAS DESPESAS CORRENTES","339047","OBRIGACOES TRIBUTARIAS E CONTRIBUTIVAS",0,0,852.48,710.4,710.4,"Campus Lagarto"
"20RL","FUNCIONAMENTO DAS INSTITUICOES DA REDE FEDERAL DE EDUCACAO P","158394","INST. FED. DE SERGIPE/CAMPUS LAGARTO","1000000000","RECURSOS LIVRES DA UNIAO",3,"OUTRAS DESPESAS CORRENTES","339092","DESPESAS DE EXERCICIOS ANTERIORES",0,0,54.11,54.11,54.11,"Campus Lagarto"
"20RL","FUNCIONAMENTO DAS INSTITUICOES DA REDE FEDERAL DE EDUCACAO P","158394","INST. FED. DE SERGIPE/CAMPUS LAGARTO","1444000000","DEM.APL.REC.TIT.TN,EX.RF.DIV.PUB.",3,"OUTRAS DESPESAS CORRENTES","339000","APLICACOES DIRETAS",0,0,0,0,0,"Campus Lagarto"
"20RL","FUNCIONAMENTO DAS INSTITUICOES DA REDE FEDERAL DE EDUCACAO P","158394","INST. FED. DE SERGIPE/CAMPUS LAGARTO","1444000000","DEM.APL.REC.TIT.TN,EX.RF.DIV.PUB.",3,"OUTRAS DESPESAS CORRENTES","339014","DIARIAS - PESSOAL CIVIL",0,0,2333.33,281.2,281.2,"Campus Lagarto"
"20RL","FUNCIONAMENTO DAS INSTITUICOES DA REDE FEDERAL DE EDUCACAO P","158394","INST. FED. DE SERGIPE/CAMPUS LAGARTO","1444000000","DEM.APL.REC.TIT.TN,EX.RF.DIV.PUB.",3,"OUTRAS DESPESAS CORRENTES","339037","LOCACAO DE MAO-DE-OBRA",0,0,69228.8,0,0,"Campus Lagarto"
"2994","ASSISTENCIA AOS ESTUDANTES DAS INSTITUICOES FEDERAIS DE EDUC","158134","INST.FED.DE EDUC.,CIENC.E TEC.DE SERGIPE","1000000000","RECURSOS LIVRES DA UNIAO",3,"OUTRAS DESPESAS CORRENTES","339000","APLICACOES DIRETAS",12813.93,0,0,0,0,"Campus Lagarto"
"2994","ASSISTENCIA AOS ESTUDANTES DAS INSTITUICOES FEDERAIS DE EDUC","158134","INST.FED.DE EDUC.,CIENC.E TEC.DE SERGIPE","1000000000","RECURSOS LIVRES DA UNIAO",3,"OUTRAS DESPESAS CORRENTES","339018","AUXILIO FINANCEIRO A ESTUDANTES",0,0,786519.07,336723.21,313936.69,"Campus Lagarto"
"2994","ASSISTENCIA AOS ESTUDANTES DAS INSTITUICOES FEDERAIS DE EDUC","158134","INST.FED.DE EDUC.,CIENC.E TEC.DE SERGIPE","1444000000","DEM.APL.REC.TIT.TN,EX.RF.DIV.PUB.",3,"OUTRAS DESPESAS CORRENTES","339000","APLICACOES DIRETAS",30466,0,0,0,0,"Campus Lagarto"
"2994","ASSISTENCIA AOS ESTUDANTES DAS INSTITUICOES FEDERAIS DE EDUC","158134","INST.FED.DE EDUC.,CIENC.E TEC.DE SERGIPE","1444000000","DEM.APL.REC.TIT.TN,EX.RF.DIV.PUB.",3,"OUTRAS DESPESAS CORRENTES","339018","AUXILIO FINANCEIRO A ESTUDANTES",0,0,59400,0,0,"Campus Lagarto"
"20RL","FUNCIONAMENTO DAS INSTITUICOES DA REDE FEDERAL DE EDUCACAO P","154681","INSTITUTO FED. DE SERGIPE - CAMPUS PROPRIA","1000000000","RECURSOS LIVRES DA UNIAO",3,"OUTRAS DESPESAS CORRENTES","339000","APLICACOES DIRETAS",3731.79,0,0,0,0,"Campus Propriá"
"20RL","FUNCIONAMENTO DAS INSTITUICOES DA REDE FEDERAL DE EDUCACAO P","154681","INSTITUTO FED. DE SERGIPE - CAMPUS PROPRIA","1000000000","RECURSOS LIVRES DA UNIAO",3,"OUTRAS DESPESAS CORRENTES","339014","DIARIAS - PESSOAL CIVIL",0,0,7000,2468.38,2468.38,"Campus Propriá"
"20RL","FUNCIONAMENTO DAS INSTITUICOES DA REDE FEDERAL DE EDUCACAO P","154681","INSTITUTO FED. DE SERGIPE - CAMPUS PROPRIA","1000000000","RECURSOS LIVRES DA UNIAO",3,"OUTRAS DESPESAS CORRENTES","339030","MATERIAL DE CONSUMO",0,0,14028.84,4000.98,2680.33,"Campus Propriá"
"20RL","FUNCIONAMENTO DAS INSTITUICOES DA REDE FEDERAL DE EDUCACAO P","154681","INSTITUTO FED. DE SERGIPE - CAMPUS PROPRIA","1000000000","RECURSOS LIVRES DA UNIAO",3,"OUTRAS DESPESAS CORRENTES","339033","PASSAGENS E DESPESAS COM LOCOMOCAO",0,0,6511.94,0,0,"Campus Propriá"
"20RL","FUNCIONAMENTO DAS INSTITUICOES DA REDE FEDERAL DE EDUCACAO P","154681","INSTITUTO FED. DE SERGIPE - CAMPUS PROPRIA","1000000000","RECURSOS LIVRES DA UNIAO",3,"OUTRAS DESPESAS CORRENTES","339037","LOCACAO DE MAO-DE-OBRA",0,0,629133.39,380804.16,375033.32,"Campus Propriá"
"20RL","FUNCIONAMENTO DAS INSTITUICOES DA REDE FEDERAL DE EDUCACAO P","154681","INSTITUTO FED. DE SERGIPE - CAMPUS PROPRIA","1000000000","RECURSOS LIVRES DA UNIAO",3,"OUTRAS DESPESAS CORRENTES","339039","OUTROS SERVICOS DE TERCEIROS - PESSOA JURIDICA",0,0,208688.45,122572.39,122541.11,"Campus Propriá"
"20RL","FUNCIONAMENTO DAS INSTITUICOES DA REDE FEDERAL DE EDUCACAO P","154681","INSTITUTO FED. DE SERGIPE - CAMPUS PROPRIA","1000000000","RECURSOS LIVRES DA UNIAO",3,"OUTRAS DESPESAS CORRENTES","339040","SERVICOS DE TECNOLOGIA DA INFORMACAO E COMUNICACAO - PJ",0,0,23290.1,20872.28,20872.28,"Campus Propriá"
"20RL","FUNCIONAMENTO DAS INSTITUICOES DA REDE FEDERAL DE EDUCACAO P","154681","INSTITUTO FED. DE SERGIPE - CAMPUS PROPRIA","1000000000","RECURSOS LIVRES DA UNIAO",3,"OUTRAS DESPESAS CORRENTES","339047","OBRIGACOES TRIBUTARIAS E CONTRIBUTIVAS",0,0,65.13,61.65,61.65,"Campus Propriá"
"20RL","FUNCIONAMENTO DAS INSTITUICOES DA REDE FEDERAL DE EDUCACAO P","154681","INSTITUTO FED. DE SERGIPE - CAMPUS PROPRIA","1000000000","RECURSOS LIVRES DA UNIAO",3,"OUTRAS DESPESAS CORRENTES","339147","OBRIG.TRIBUT.E CONTRIB-OP.INTRA-ORCAMENTARIAS",0,0,261.12,261.12,261.12,"Campus Propriá"
"20RL","FUNCIONAMENTO DAS INSTITUICOES DA REDE FEDERAL DE EDUCACAO P","154681","INSTITUTO FED. DE SERGIPE - CAMPUS PROPRIA","1444000000","DEM.APL.REC.TIT.TN,EX.RF.DIV.PUB.",3,"OUTRAS DESPESAS CORRENTES","339000","APLICACOES DIRETAS",0,0,0,0,0,"Campus Propriá"
"20RL","FUNCIONAMENTO DAS INSTITUICOES DA REDE FEDERAL DE EDUCACAO P","154681","INSTITUTO FED. DE SERGIPE - CAMPUS PROPRIA","1444000000","DEM.APL.REC.TIT.TN,EX.RF.DIV.PUB.",3,"OUTRAS DESPESAS CORRENTES","339037","LOCACAO DE MAO-DE-OBRA",0,0,0,0,0,"Campus Propriá"
"20RL","FUNCIONAMENTO DAS INSTITUICOES DA REDE FEDERAL DE EDUCACAO P","158134","INST.FED.DE EDUC.,CIENC.E TEC.DE SERGIPE","1000000000","RECURSOS LIVRES DA UNIAO",3,"OUTRAS DESPESAS CORRENTES","339000","APLICACOES DIRETAS",10553.33,0,0,0,0,"Campus Propriá"
"20RL","FUNCIONAMENTO DAS INSTITUICOES DA REDE FEDERAL DE EDUCACAO P","158134","INST.FED.DE EDUC.,CIENC.E TEC.DE SERGIPE","1000000000","RECURSOS LIVRES DA UNIAO",3,"OUTRAS DESPESAS CORRENTES","339030","MATERIAL DE CONSUMO",7040.23,0,4784.2,4784.2,4784.2,"Campus Propriá"
"20RL","FUNCIONAMENTO DAS INSTITUICOES DA REDE FEDERAL DE EDUCACAO P","158134","INST.FED.DE EDUC.,CIENC.E TEC.DE SERGIPE","1000000000","RECURSOS LIVRES DA UNIAO",3,"OUTRAS DESPESAS CORRENTES","339037","LOCACAO DE MAO-DE-OBRA",0,0,0,0,0,"Campus Propriá"
"20RL","FUNCIONAMENTO DAS INSTITUICOES DA REDE FEDERAL DE EDUCACAO P","158134","INST.FED.DE EDUC.,CIENC.E TEC.DE SERGIPE","1000000000","RECURSOS LIVRES DA UNIAO",3,"OUTRAS DESPESAS CORRENTES","339039","OUTROS SERVICOS DE TERCEIROS - PESSOA JURIDICA",0,0,0,0,0,"Campus Propriá"
"20RL","FUNCIONAMENTO DAS INSTITUICOES DA REDE FEDERAL DE EDUCACAO P","158134","INST.FED.DE EDUC.,CIENC.E TEC.DE SERGIPE","1000000000","RECURSOS LIVRES DA UNIAO",3,"OUTRAS DESPESAS CORRENTES","339040","SERVICOS DE TECNOLOGIA DA INFORMACAO E COMUNICACAO - PJ",0,0,7117.67,567.67,567.67,"Campus Propriá"
"20RL","FUNCIONAMENTO DAS INSTITUICOES DA REDE FEDERAL DE EDUCACAO P","158134","INST.FED.DE EDUC.,CIENC.E TEC.DE SERGIPE","1444000000","DEM.APL.REC.TIT.TN,EX.RF.DIV.PUB.",3,"OUTRAS DESPESAS CORRENTES","339000","APLICACOES DIRETAS",165086.12,0,0,0,0,"Campus Propriá"
"2994","ASSISTENCIA AOS ESTUDANTES DAS INSTITUICOES FEDERAIS DE EDUC","158134","INST.FED.DE EDUC.,CIENC.E TEC.DE SERGIPE","1000000000","RECURSOS LIVRES DA UNIAO",3,"OUTRAS DESPESAS CORRENTES","339000","APLICACOES DIRETAS",30581,0,0,0,0,"Campus Propriá"
"2994","ASSISTENCIA AOS ESTUDANTES DAS INSTITUICOES FEDERAIS DE EDUC","158134","INST.FED.DE EDUC.,CIENC.E TEC.DE SERGIPE","1000000000","RECURSOS LIVRES DA UNIAO",3,"OUTRAS DESPESAS CORRENTES","339018","AUXILIO FINANCEIRO A ESTUDANTES",0,0,122130,52625,46080,"Campus Propriá"
"2994","ASSISTENCIA AOS ESTUDANTES DAS INSTITUICOES FEDERAIS DE EDUC","158134","INST.FED.DE EDUC.,CIENC.E TEC.DE SERGIPE","1444000000","DEM.APL.REC.TIT.TN,EX.RF.DIV.PUB.",3,"OUTRAS DESPESAS CORRENTES","339000","APLICACOES DIRETAS",8701,0,0,0,0,"Campus Propriá"
"20RL","FUNCIONAMENTO DAS INSTITUICOES DA REDE FEDERAL DE EDUCACAO P","158134","INST.FED.DE EDUC.,CIENC.E TEC.DE SERGIPE","1000000000","RECURSOS LIVRES DA UNIAO",4,"INVESTIMENTOS","449052","EQUIPAMENTOS E MATERIAL PERMANENTE",471,0,64000,0,0,"Campus São Cristóvão"
"20RL","FUNCIONAMENTO DAS INSTITUICOES DA REDE FEDERAL DE EDUCACAO P","158134","INST.FED.DE EDUC.,CIENC.E TEC.DE SERGIPE","1000000000","RECURSOS LIVRES DA UNIAO",3,"OUTRAS DESPESAS CORRENTES","339000","APLICACOES DIRETAS",131198.18,0,0,0,0,"Campus São Cristóvão"
"20RL","FUNCIONAMENTO DAS INSTITUICOES DA REDE FEDERAL DE EDUCACAO P","158134","INST.FED.DE EDUC.,CIENC.E TEC.DE SERGIPE","1000000000","RECURSOS LIVRES DA UNIAO",3,"OUTRAS DESPESAS CORRENTES","339030","MATERIAL DE CONSUMO",2993,0,439284.65,177670.86,175224.62,"Campus São Cristóvão"
"20RL","FUNCIONAMENTO DAS INSTITUICOES DA REDE FEDERAL DE EDUCACAO P","158134","INST.FED.DE EDUC.,CIENC.E TEC.DE SERGIPE","1000000000","RECURSOS LIVRES DA UNIAO",3,"OUTRAS DESPESAS CORRENTES","339039","OUTROS SERVICOS DE TERCEIROS - PESSOA JURIDICA",132697.7,0,12482.34,10992.34,10992.34,"Campus São Cristóvão"
"20RL","FUNCIONAMENTO DAS INSTITUICOES DA REDE FEDERAL DE EDUCACAO P","158134","INST.FED.DE EDUC.,CIENC.E TEC.DE SERGIPE","1000000000","RECURSOS LIVRES DA UNIAO",3,"OUTRAS DESPESAS CORRENTES","339040","SERVICOS DE TECNOLOGIA DA INFORMACAO E COMUNICACAO - PJ",0,0,0,0,0,"Campus São Cristóvão"
"20RL","FUNCIONAMENTO DAS INSTITUICOES DA REDE FEDERAL DE EDUCACAO P","158134","INST.FED.DE EDUC.,CIENC.E TEC.DE SERGIPE","1444000000","DEM.APL.REC.TIT.TN,EX.RF.DIV.PUB.",3,"OUTRAS DESPESAS CORRENTES","339000","APLICACOES DIRETAS",147839.31,0,0,0,0,"Campus São Cristóvão"
"20RL","FUNCIONAMENTO DAS INSTITUICOES DA REDE FEDERAL DE EDUCACAO P","158134","INST.FED.DE EDUC.,CIENC.E TEC.DE SERGIPE","1444000000","DEM.APL.REC.TIT.TN,EX.RF.DIV.PUB.",3,"OUTRAS DESPESAS CORRENTES","339018","AUXILIO FINANCEIRO A ESTUDANTES",800,0,0,0,0,"Campus São Cristóvão"
"20RL","FUNCIONAMENTO DAS INSTITUICOES DA REDE FEDERAL DE EDUCACAO P","158134","INST.FED.DE EDUC.,CIENC.E TEC.DE SERGIPE","1444000000","DEM.APL.REC.TIT.TN,EX.RF.DIV.PUB.",3,"OUTRAS DESPESAS CORRENTES","339030","MATERIAL DE CONSUMO",5925,0,1684.05,1684.05,1684.05,"Campus São Cristóvão"
"20RL","FUNCIONAMENTO DAS INSTITUICOES DA REDE FEDERAL DE EDUCACAO P","158134","INST.FED.DE EDUC.,CIENC.E TEC.DE SERGIPE","1444000000","DEM.APL.REC.TIT.TN,EX.RF.DIV.PUB.",3,"OUTRAS DESPESAS CORRENTES","339039","OUTROS SERVICOS DE TERCEIROS - PESSOA JURIDICA",0,0,4390.39,0,0,"Campus São Cristóvão"
"20RL","FUNCIONAMENTO DAS INSTITUICOES DA REDE FEDERAL DE EDUCACAO P","158392","INST. FED. DE SERGIPE/CAMPUS SAO CRISTOVAO","1000000000","RECURSOS LIVRES DA UNIAO",3,"OUTRAS DESPESAS CORRENTES","339000","APLICACOES DIRETAS",0.02,0,0,0,0,"Campus São Cristóvão"
"20RL","FUNCIONAMENTO DAS INSTITUICOES DA REDE FEDERAL DE EDUCACAO P","158392","INST. FED. DE SERGIPE/CAMPUS SAO CRISTOVAO","1000000000","RECURSOS LIVRES DA UNIAO",3,"OUTRAS DESPESAS CORRENTES","339014","DIARIAS - PESSOAL CIVIL",0,0,5000,1264.72,1264.72,"Campus São Cristóvão"
"20RL","FUNCIONAMENTO DAS INSTITUICOES DA REDE FEDERAL DE EDUCACAO P","158392","INST. FED. DE SERGIPE/CAMPUS SAO CRISTOVAO","1000000000","RECURSOS LIVRES DA UNIAO",3,"OUTRAS DESPESAS CORRENTES","339030","MATERIAL DE CONSUMO",0,0,40000,13062.13,13062.13,"Campus São Cristóvão"
"20RL","FUNCIONAMENTO DAS INSTITUICOES DA REDE FEDERAL DE EDUCACAO P","158392","INST. FED. DE SERGIPE/CAMPUS SAO CRISTOVAO","1000000000","RECURSOS LIVRES DA UNIAO",3,"OUTRAS DESPESAS CORRENTES","339037","LOCACAO DE MAO-DE-OBRA",0,0,918646.48,630968.72,620945.91,"Campus São Cristóvão"
"20RL","FUNCIONAMENTO DAS INSTITUICOES DA REDE FEDERAL DE EDUCACAO P","158392","INST. FED. DE SERGIPE/CAMPUS SAO CRISTOVAO","1000000000","RECURSOS LIVRES DA UNIAO",3,"OUTRAS DESPESAS CORRENTES","339039","OUTROS SERVICOS DE TERCEIROS - PESSOA JURIDICA",1801.4,0,1064451.35,720590.33,679963.07,"Campus São Cristóvão"
"20RL","FUNCIONAMENTO DAS INSTITUICOES DA REDE FEDERAL DE EDUCACAO P","158392","INST. FED. DE SERGIPE/CAMPUS SAO CRISTOVAO","1000000000","RECURSOS LIVRES DA UNIAO",3,"OUTRAS DESPESAS CORRENTES","339040","SERVICOS DE TECNOLOGIA DA INFORMACAO E COMUNICACAO - PJ",0,0,59110.13,8497.29,8497.29,"Campus São Cristóvão"
"20RL","FUNCIONAMENTO DAS INSTITUICOES DA REDE FEDERAL DE EDUCACAO P","158392","INST. FED. DE SERGIPE/CAMPUS SAO CRISTOVAO","1000000000","RECURSOS LIVRES DA UNIAO",3,"OUTRAS DESPESAS CORRENTES","339047","OBRIGACOES TRIBUTARIAS E CONTRIBUTIVAS",0,0,1296.18,753.68,753.68,"Campus São Cristóvão"
"20RL","FUNCIONAMENTO DAS INSTITUICOES DA REDE FEDERAL DE EDUCACAO P","158392","INST. FED. DE SERGIPE/CAMPUS SAO CRISTOVAO","1000000000","RECURSOS LIVRES DA UNIAO",3,"OUTRAS DESPESAS CORRENTES","339092","DESPESAS DE EXERCICIOS ANTERIORES",0,0,29286.95,29286.95,29286.95,"Campus São Cristóvão"
"20RL","FUNCIONAMENTO DAS INSTITUICOES DA REDE FEDERAL DE EDUCACAO P","158392","INST. FED. DE SERGIPE/CAMPUS SAO CRISTOVAO","1444000000","DEM.APL.REC.TIT.TN,EX.RF.DIV.PUB.",3,"OUTRAS DESPESAS CORRENTES","339000","APLICACOES DIRETAS",0,0,0,0,0,"Campus São Cristóvão"
"20RL","FUNCIONAMENTO DAS INSTITUICOES DA REDE FEDERAL DE EDUCACAO P","158392","INST. FED. DE SERGIPE/CAMPUS SAO CRISTOVAO","1444000000","DEM.APL.REC.TIT.TN,EX.RF.DIV.PUB.",3,"OUTRAS DESPESAS CORRENTES","339037","LOCACAO DE MAO-DE-OBRA",0,0,170320.5,0,0,"Campus São Cristóvão"
"20RL","FUNCIONAMENTO DAS INSTITUICOES DA REDE FEDERAL DE EDUCACAO P","158392","INST. FED. DE SERGIPE/CAMPUS SAO CRISTOVAO","1444000000","DEM.APL.REC.TIT.TN,EX.RF.DIV.PUB.",3,"OUTRAS DESPESAS CORRENTES","339039","OUTROS SERVICOS DE TERCEIROS - PESSOA JURIDICA",0,0,38796.88,0,0,"Campus São Cristóvão"
"2994","ASSISTENCIA AOS ESTUDANTES DAS INSTITUICOES FEDERAIS DE EDUC","158134","INST.FED.DE EDUC.,CIENC.E TEC.DE SERGIPE","1000000000","RECURSOS LIVRES DA UNIAO",3,"OUTRAS DESPESAS CORRENTES","339000","APLICACOES DIRETAS",1.89,0,0,0,0,"Campus São Cristóvão"
"2994","ASSISTENCIA AOS ESTUDANTES DAS INSTITUICOES FEDERAIS DE EDUC","158134","INST.FED.DE EDUC.,CIENC.E TEC.DE SERGIPE","1000000000","RECURSOS LIVRES DA UNIAO",3,"OUTRAS DESPESAS CORRENTES","339018","AUXILIO FINANCEIRO A ESTUDANTES",0,0,852992,202098,202098,"Campus São Cristóvão"
"2994","ASSISTENCIA AOS ESTUDANTES DAS INSTITUICOES FEDERAIS DE EDUC","158134","INST.FED.DE EDUC.,CIENC.E TEC.DE SERGIPE","1000000000","RECURSOS LIVRES DA UNIAO",3,"OUTRAS DESPESAS CORRENTES","339030","MATERIAL DE CONSUMO",0,0,163993.11,18940.7,18844.7,"Campus São Cristóvão"
"2994","ASSISTENCIA AOS ESTUDANTES DAS INSTITUICOES FEDERAIS DE EDUC","158134","INST.FED.DE EDUC.,CIENC.E TEC.DE SERGIPE","1000000000","RECURSOS LIVRES DA UNIAO",3,"OUTRAS DESPESAS CORRENTES","339032","MATERIAL, BEM OU SERVICO P/ DISTRIB. GRATUITA",0,0,0,0,0,"Campus São Cristóvão"
"2994","ASSISTENCIA AOS ESTUDANTES DAS INSTITUICOES FEDERAIS DE EDUC","158134","INST.FED.DE EDUC.,CIENC.E TEC.DE SERGIPE","1444000000","DEM.APL.REC.TIT.TN,EX.RF.DIV.PUB.",3,"OUTRAS DESPESAS CORRENTES","339000","APLICACOES DIRETAS",51863.2,0,0,0,0,"Campus São Cristóvão"
"2994","ASSISTENCIA AOS ESTUDANTES DAS INSTITUICOES FEDERAIS DE EDUC","158134","INST.FED.DE EDUC.,CIENC.E TEC.DE SERGIPE","1444000000","DEM.APL.REC.TIT.TN,EX.RF.DIV.PUB.",3,"OUTRAS DESPESAS CORRENTES","339018","AUXILIO FINANCEIRO A ESTUDANTES",0,0,750,750,750,"Campus São Cristóvão"
"2994","ASSISTENCIA AOS ESTUDANTES DAS INSTITUICOES FEDERAIS DE EDUC","158134","INST.FED.DE EDUC.,CIENC.E TEC.DE SERGIPE","1444000000","DEM.APL.REC.TIT.TN,EX.RF.DIV.PUB.",3,"OUTRAS DESPESAS CORRENTES","339030","MATERIAL DE CONSUMO",0,0,66432.8,31962.1,31649.85,"Campus São Cristóvão"
"2994","ASSISTENCIA AOS ESTUDANTES DAS INSTITUICOES FEDERAIS DE EDUC","158392","INST. FED. DE SERGIPE/CAMPUS SAO CRISTOVAO","1000000000","RECURSOS LIVRES DA UNIAO",3,"OUTRAS DESPESAS CORRENTES","339000","APLICACOES DIRETAS",0,0,0,0,0,"Campus São Cristóvão"
"2994","ASSISTENCIA AOS ESTUDANTES DAS INSTITUICOES FEDERAIS DE EDUC","158392","INST. FED. DE SERGIPE/CAMPUS SAO CRISTOVAO","1000000000","RECURSOS LIVRES DA UNIAO",3,"OUTRAS DESPESAS CORRENTES","339092","DESPESAS DE EXERCICIOS ANTERIORES",0,0,19230,19212,19212,"Campus São Cristóvão"
"2994","ASSISTENCIA AOS ESTUDANTES DAS INSTITUICOES FEDERAIS DE EDUC","158392","INST. FED. DE SERGIPE/CAMPUS SAO CRISTOVAO","1444000000","DEM.APL.REC.TIT.TN,EX.RF.DIV.PUB.",3,"OUTRAS DESPESAS CORRENTES","339000","APLICACOES DIRETAS",0,0,0,0,0,"Campus São Cristóvão"
"2994","ASSISTENCIA AOS ESTUDANTES DAS INSTITUICOES FEDERAIS DE EDUC","158392","INST. FED. DE SERGIPE/CAMPUS SAO CRISTOVAO","1444000000","DEM.APL.REC.TIT.TN,EX.RF.DIV.PUB.",3,"OUTRAS DESPESAS CORRENTES","339092","DESPESAS DE EXERCICIOS ANTERIORES",0,0,1260,1260,1260,"Campus São Cristóvão"
"20RL","FUNCIONAMENTO DAS INSTITUICOES DA REDE FEDERAL DE EDUCACAO P","154680","INST. FED. SERGIPE/CAMPUS N. SRA. DO SOCORRO","1000000000","RECURSOS LIVRES DA UNIAO",3,"OUTRAS DESPESAS CORRENTES","339000","APLICACOES DIRETAS",0,0,0,0,0,"Campus Socorro"
"20RL","FUNCIONAMENTO DAS INSTITUICOES DA REDE FEDERAL DE EDUCACAO P","154680","INST. FED. SERGIPE/CAMPUS N. SRA. DO SOCORRO","1000000000","RECURSOS LIVRES DA UNIAO",3,"OUTRAS DESPESAS CORRENTES","339014","DIARIAS - PESSOAL CIVIL",0,0,3000,2156.34,2156.34,"Campus Socorro"
"20RL","FUNCIONAMENTO DAS INSTITUICOES DA REDE FEDERAL DE EDUCACAO P","154680","INST. FED. SERGIPE/CAMPUS N. SRA. DO SOCORRO","1000000000","RECURSOS LIVRES DA UNIAO",3,"OUTRAS DESPESAS CORRENTES","339030","MATERIAL DE CONSUMO",4000,0,6631.67,5164.03,4236.55,"Campus Socorro"
"20RL","FUNCIONAMENTO DAS INSTITUICOES DA REDE FEDERAL DE EDUCACAO P","154680","INST. FED. SERGIPE/CAMPUS N. SRA. DO SOCORRO","1000000000","RECURSOS LIVRES DA UNIAO",3,"OUTRAS DESPESAS CORRENTES","339037","LOCACAO DE MAO-DE-OBRA",14482.07,0,828598.39,488476.82,468005.34,"Campus Socorro"
"20RL","FUNCIONAMENTO DAS INSTITUICOES DA REDE FEDERAL DE EDUCACAO P","154680","INST. FED. SERGIPE/CAMPUS N. SRA. DO SOCORRO","1000000000","RECURSOS LIVRES DA UNIAO",3,"OUTRAS DESPESAS CORRENTES","339039","OUTROS SERVICOS DE TERCEIROS - PESSOA JURIDICA",0,0,137737.98,58380.77,56820.53,"Campus Socorro"
"20RL","FUNCIONAMENTO DAS INSTITUICOES DA REDE FEDERAL DE EDUCACAO P","154680","INST. FED. SERGIPE/CAMPUS N. SRA. DO SOCORRO","1000000000","RECURSOS LIVRES DA UNIAO",3,"OUTRAS DESPESAS CORRENTES","339040","SERVICOS DE TECNOLOGIA DA INFORMACAO E COMUNICACAO - PJ",1300,0,21272.16,15074.72,15074.72,"Campus Socorro"
"20RL","FUNCIONAMENTO DAS INSTITUICOES DA REDE FEDERAL DE EDUCACAO P","154680","INST. FED. SERGIPE/CAMPUS N. SRA. DO SOCORRO","1000000000","RECURSOS LIVRES DA UNIAO",3,"OUTRAS DESPESAS CORRENTES","339047","OBRIGACOES TRIBUTARIAS E CONTRIBUTIVAS",0,0,7259.1,5416.22,5416.22,"Campus Socorro"
"20RL","FUNCIONAMENTO DAS INSTITUICOES DA REDE FEDERAL DE EDUCACAO P","154680","INST. FED. SERGIPE/CAMPUS N. SRA. DO SOCORRO","1000000000","RECURSOS LIVRES DA UNIAO",3,"OUTRAS DESPESAS CORRENTES","339092","DESPESAS DE EXERCICIOS ANTERIORES",0,0,2734.35,2734.35,2734.35,"Campus Socorro"
"20RL","FUNCIONAMENTO DAS INSTITUICOES DA REDE FEDERAL DE EDUCACAO P","154680","INST. FED. SERGIPE/CAMPUS N. SRA. DO SOCORRO","1000000000","RECURSOS LIVRES DA UNIAO",3,"OUTRAS DESPESAS CORRENTES","339147","OBRIG.TRIBUT.E CONTRIB-OP.INTRA-ORCAMENTARIAS",0,0,40.71,40.71,40.71,"Campus Socorro"
"20RL","FUNCIONAMENTO DAS INSTITUICOES DA REDE FEDERAL DE EDUCACAO P","158134","INST.FED.DE EDUC.,CIENC.E TEC.DE SERGIPE","1000000000","RECURSOS LIVRES DA UNIAO",3,"OUTRAS DESPESAS CORRENTES","339000","APLICACOES DIRETAS",37564.2,0,0,0,0,"Campus Socorro"
"20RL","FUNCIONAMENTO DAS INSTITUICOES DA REDE FEDERAL DE EDUCACAO P","158134","INST.FED.DE EDUC.,CIENC.E TEC.DE SERGIPE","1000000000","RECURSOS LIVRES DA UNIAO",3,"OUTRAS DESPESAS CORRENTES","339014","DIARIAS - PESSOAL CIVIL",0,0,200,0,0,"Campus Socorro"
"20RL","FUNCIONAMENTO DAS INSTITUICOES DA REDE FEDERAL DE EDUCACAO P","158134","INST.FED.DE EDUC.,CIENC.E TEC.DE SERGIPE","1000000000","RECURSOS LIVRES DA UNIAO",3,"OUTRAS DESPESAS CORRENTES","339030","MATERIAL DE CONSUMO",0,0,3256.05,3256.05,3256.05,"Campus Socorro"
"20RL","FUNCIONAMENTO DAS INSTITUICOES DA REDE FEDERAL DE EDUCACAO P","158134","INST.FED.DE EDUC.,CIENC.E TEC.DE SERGIPE","1000000000","RECURSOS LIVRES DA UNIAO",3,"OUTRAS DESPESAS CORRENTES","339037","LOCACAO DE MAO-DE-OBRA",0,0,0,0,0,"Campus Socorro"
"20RL","FUNCIONAMENTO DAS INSTITUICOES DA REDE FEDERAL DE EDUCACAO P","158134","INST.FED.DE EDUC.,CIENC.E TEC.DE SERGIPE","1000000000","RECURSOS LIVRES DA UNIAO",3,"OUTRAS DESPESAS CORRENTES","339039","OUTROS SERVICOS DE TERCEIROS - PESSOA JURIDICA",1394.92,0,2297.25,980,980,"Campus Socorro"
"20RL","FUNCIONAMENTO DAS INSTITUICOES DA REDE FEDERAL DE EDUCACAO P","158134","INST.FED.DE EDUC.,CIENC.E TEC.DE SERGIPE","1000000000","RECURSOS LIVRES DA UNIAO",3,"OUTRAS DESPESAS CORRENTES","339040","SERVICOS DE TECNOLOGIA DA INFORMACAO E COMUNICACAO - PJ",1800,0,1933.45,0,0,"Campus Socorro"
"20RL","FUNCIONAMENTO DAS INSTITUICOES DA REDE FEDERAL DE EDUCACAO P","158134","INST.FED.DE EDUC.,CIENC.E TEC.DE SERGIPE","1444000000","DEM.APL.REC.TIT.TN,EX.RF.DIV.PUB.",3,"OUTRAS DESPESAS CORRENTES","339000","APLICACOES DIRETAS",22884.17,0,0,0,0,"Campus Socorro"
"20RL","FUNCIONAMENTO DAS INSTITUICOES DA REDE FEDERAL DE EDUCACAO P","158134","INST.FED.DE EDUC.,CIENC.E TEC.DE SERGIPE","1444000000","DEM.APL.REC.TIT.TN,EX.RF.DIV.PUB.",3,"OUTRAS DESPESAS CORRENTES","339039","OUTROS SERVICOS DE TERCEIROS - PESSOA JURIDICA",164175.59,0,0,0,0,"Campus Socorro"
"2994","ASSISTENCIA AOS ESTUDANTES DAS INSTITUICOES FEDERAIS DE EDUC","158134","INST.FED.DE EDUC.,CIENC.E TEC.DE SERGIPE","1000000000","RECURSOS LIVRES DA UNIAO",3,"OUTRAS DESPESAS CORRENTES","339000","APLICACOES DIRETAS",12801,0,0,0,0,"Campus Socorro"
"2994","ASSISTENCIA AOS ESTUDANTES DAS INSTITUICOES FEDERAIS DE EDUC","158134","INST.FED.DE EDUC.,CIENC.E TEC.DE SERGIPE","1000000000","RECURSOS LIVRES DA UNIAO",3,"OUTRAS DESPESAS CORRENTES","339018","AUXILIO FINANCEIRO A ESTUDANTES",0,0,139910,70330,69890,"Campus Socorro"
"2994","ASSISTENCIA AOS ESTUDANTES DAS INSTITUICOES FEDERAIS DE EDUC","158134","INST.FED.DE EDUC.,CIENC.E TEC.DE SERGIPE","1444000000","DEM.APL.REC.TIT.TN,EX.RF.DIV.PUB.",3,"OUTRAS DESPESAS CORRENTES","339000","APLICACOES DIRETAS",8701,0,0,0,0,"Campus Socorro"
"2994","ASSISTENCIA AOS ESTUDANTES DAS INSTITUICOES FEDERAIS DE EDUC","158134","INST.FED.DE EDUC.,CIENC.E TEC.DE SERGIPE","1444000000","DEM.APL.REC.TIT.TN,EX.RF.DIV.PUB.",3,"OUTRAS DESPESAS CORRENTES","339018","AUXILIO FINANCEIRO A ESTUDANTES",0,0,0,0,0,"Campus Socorro"
"20RL","FUNCIONAMENTO DAS INSTITUICOES DA REDE FEDERAL DE EDUCACAO P","154679","INSTIT FED. DE SERGIPE/CAMPUS TOBIAS BARRETO","1000000000","RECURSOS LIVRES DA UNIAO",3,"OUTRAS DESPESAS CORRENTES","339000","APLICACOES DIRETAS",0,0,0,0,0,"Campus Tobias Barreto"
"20RL","FUNCIONAMENTO DAS INSTITUICOES DA REDE FEDERAL DE EDUCACAO P","154679","INSTIT FED. DE SERGIPE/CAMPUS TOBIAS BARRETO","1000000000","RECURSOS LIVRES DA UNIAO",3,"OUTRAS DESPESAS CORRENTES","339030","MATERIAL DE CONSUMO",0,0,9320.1,3929.35,2993.77,"Campus Tobias Barreto"
"20RL","FUNCIONAMENTO DAS INSTITUICOES DA REDE FEDERAL DE EDUCACAO P","154679","INSTIT FED. DE SERGIPE/CAMPUS TOBIAS BARRETO","1000000000","RECURSOS LIVRES DA UNIAO",3,"OUTRAS DESPESAS CORRENTES","339037","LOCACAO DE MAO-DE-OBRA",15863.98,0,744823.17,469660.57,462394.27,"Campus Tobias Barreto"
"20RL","FUNCIONAMENTO DAS INSTITUICOES DA REDE FEDERAL DE EDUCACAO P","154679","INSTIT FED. DE SERGIPE/CAMPUS TOBIAS BARRETO","1000000000","RECURSOS LIVRES DA UNIAO",3,"OUTRAS DESPESAS CORRENTES","339039","OUTROS SERVICOS DE TERCEIROS - PESSOA JURIDICA",0,0,122297.85,71124.35,71124.35,"Campus Tobias Barreto"
"20RL","FUNCIONAMENTO DAS INSTITUICOES DA REDE FEDERAL DE EDUCACAO P","154679","INSTIT FED. DE SERGIPE/CAMPUS TOBIAS BARRETO","1000000000","RECURSOS LIVRES DA UNIAO",3,"OUTRAS DESPESAS CORRENTES","339040","SERVICOS DE TECNOLOGIA DA INFORMACAO E COMUNICACAO - PJ",0,0,34828.75,23991.66,22805.46,"Campus Tobias Barreto"
"20RL","FUNCIONAMENTO DAS INSTITUICOES DA REDE FEDERAL DE EDUCACAO P","154679","INSTIT FED. DE SERGIPE/CAMPUS TOBIAS BARRETO","1000000000","RECURSOS LIVRES DA UNIAO",3,"OUTRAS DESPESAS CORRENTES","339047","OBRIGACOES TRIBUTARIAS E CONTRIBUTIVAS",0,0,2013.28,1899.72,1899.72,"Campus Tobias Barreto"
"20RL","FUNCIONAMENTO DAS INSTITUICOES DA REDE FEDERAL DE EDUCACAO P","154679","INSTIT FED. DE SERGIPE/CAMPUS TOBIAS BARRETO","1000000000","RECURSOS LIVRES DA UNIAO",3,"OUTRAS DESPESAS CORRENTES","339092","DESPESAS DE EXERCICIOS ANTERIORES",0,0,7322.95,7322.95,7322.95,"Campus Tobias Barreto"
"20RL","FUNCIONAMENTO DAS INSTITUICOES DA REDE FEDERAL DE EDUCACAO P","154679","INSTIT FED. DE SERGIPE/CAMPUS TOBIAS BARRETO","1444000000","DEM.APL.REC.TIT.TN,EX.RF.DIV.PUB.",3,"OUTRAS DESPESAS CORRENTES","339000","APLICACOES DIRETAS",0,0,0,0,0,"Campus Tobias Barreto"
"20RL","FUNCIONAMENTO DAS INSTITUICOES DA REDE FEDERAL DE EDUCACAO P","154679","INSTIT FED. DE SERGIPE/CAMPUS TOBIAS BARRETO","1444000000","DEM.APL.REC.TIT.TN,EX.RF.DIV.PUB.",3,"OUTRAS DESPESAS CORRENTES","339039","OUTROS SERVICOS DE TERCEIROS - PESSOA JURIDICA",0,0,70860.57,5671.85,5671.85,"Campus Tobias Barreto"
"20RL","FUNCIONAMENTO DAS INSTITUICOES DA REDE FEDERAL DE EDUCACAO P","154679","INSTIT FED. DE SERGIPE/CAMPUS TOBIAS BARRETO","1444000000","DEM.APL.REC.TIT.TN,EX.RF.DIV.PUB.",3,"OUTRAS DESPESAS CORRENTES","339047","OBRIGACOES TRIBUTARIAS E CONTRIBUTIVAS",0,0,2800,223.92,223.92,"Campus Tobias Barreto"
"20RL","FUNCIONAMENTO DAS INSTITUICOES DA REDE FEDERAL DE EDUCACAO P","158134","INST.FED.DE EDUC.,CIENC.E TEC.DE SERGIPE","1000000000","RECURSOS LIVRES DA UNIAO",3,"OUTRAS DESPESAS CORRENTES","339000","APLICACOES DIRETAS",0,0,0,0,0,"Campus Tobias Barreto"
"20RL","FUNCIONAMENTO DAS INSTITUICOES DA REDE FEDERAL DE EDUCACAO P","158134","INST.FED.DE EDUC.,CIENC.E TEC.DE SERGIPE","1000000000","RECURSOS LIVRES DA UNIAO",3,"OUTRAS DESPESAS CORRENTES","339030","MATERIAL DE CONSUMO",0,0,3612,3612,3612,"Campus Tobias Barreto"
"20RL","FUNCIONAMENTO DAS INSTITUICOES DA REDE FEDERAL DE EDUCACAO P","158134","INST.FED.DE EDUC.,CIENC.E TEC.DE SERGIPE","1000000000","RECURSOS LIVRES DA UNIAO",3,"OUTRAS DESPESAS CORRENTES","339037","LOCACAO DE MAO-DE-OBRA",0,0,0,0,0,"Campus Tobias Barreto"
"20RL","FUNCIONAMENTO DAS INSTITUICOES DA REDE FEDERAL DE EDUCACAO P","158134","INST.FED.DE EDUC.,CIENC.E TEC.DE SERGIPE","1000000000","RECURSOS LIVRES DA UNIAO",3,"OUTRAS DESPESAS CORRENTES","339039","OUTROS SERVICOS DE TERCEIROS - PESSOA JURIDICA",35692.96,0,5512.66,0,0,"Campus Tobias Barreto"
"20RL","FUNCIONAMENTO DAS INSTITUICOES DA REDE FEDERAL DE EDUCACAO P","158134","INST.FED.DE EDUC.,CIENC.E TEC.DE SERGIPE","1000000000","RECURSOS LIVRES DA UNIAO",3,"OUTRAS DESPESAS CORRENTES","339040","SERVICOS DE TECNOLOGIA DA INFORMACAO E COMUNICACAO - PJ",0,0,0,0,0,"Campus Tobias Barreto"
"20RL","FUNCIONAMENTO DAS INSTITUICOES DA REDE FEDERAL DE EDUCACAO P","158134","INST.FED.DE EDUC.,CIENC.E TEC.DE SERGIPE","1000000000","RECURSOS LIVRES DA UNIAO",3,"OUTRAS DESPESAS CORRENTES","339092","DESPESAS DE EXERCICIOS ANTERIORES",0,0,0,0,0,"Campus Tobias Barreto"
"20RL","FUNCIONAMENTO DAS INSTITUICOES DA REDE FEDERAL DE EDUCACAO P","158134","INST.FED.DE EDUC.,CIENC.E TEC.DE SERGIPE","1444000000","DEM.APL.REC.TIT.TN,EX.RF.DIV.PUB.",3,"OUTRAS DESPESAS CORRENTES","339000","APLICACOES DIRETAS",114739.33,0,0,0,0,"Campus Tobias Barreto"
"2994","ASSISTENCIA AOS ESTUDANTES DAS INSTITUICOES FEDERAIS DE EDUC","158134","INST.FED.DE EDUC.,CIENC.E TEC.DE SERGIPE","1000000000","RECURSOS LIVRES DA UNIAO",3,"OUTRAS DESPESAS CORRENTES","339000","APLICACOES DIRETAS",0,0,0,0,0,"Campus Tobias Barreto"
"2994","ASSISTENCIA AOS ESTUDANTES DAS INSTITUICOES FEDERAIS DE EDUC","158134","INST.FED.DE EDUC.,CIENC.E TEC.DE SERGIPE","1000000000","RECURSOS LIVRES DA UNIAO",3,"OUTRAS DESPESAS CORRENTES","339018","AUXILIO FINANCEIRO A ESTUDANTES",0,0,154996,71231.46,71231.46,"Campus Tobias Barreto"
"2994","ASSISTENCIA AOS ESTUDANTES DAS INSTITUICOES FEDERAIS DE EDUC","158134","INST.FED.DE EDUC.,CIENC.E TEC.DE SERGIPE","1444000000","DEM.APL.REC.TIT.TN,EX.RF.DIV.PUB.",3,"OUTRAS DESPESAS CORRENTES","339000","APLICACOES DIRETAS",3354,0,0,0,0,"Campus Tobias Barreto"
"2994","ASSISTENCIA AOS ESTUDANTES DAS INSTITUICOES FEDERAIS DE EDUC","158134","INST.FED.DE EDUC.,CIENC.E TEC.DE SERGIPE","1444000000","DEM.APL.REC.TIT.TN,EX.RF.DIV.PUB.",3,"OUTRAS DESPESAS CORRENTES","339018","AUXILIO FINANCEIRO A ESTUDANTES",0,0,5641,0,0,"Campus Tobias Barreto"
"20RL","FUNCIONAMENTO DAS INSTITUICOES DA REDE FEDERAL DE EDUCACAO P","158134","INST.FED.DE EDUC.,CIENC.E TEC.DE SERGIPE","1000000000","RECURSOS LIVRES DA UNIAO",4,"INVESTIMENTOS","449000","APLICACOES DIRETAS",145893.49,0,0,0,0,"Reitoria"
"20RL","FUNCIONAMENTO DAS INSTITUICOES DA REDE FEDERAL DE EDUCACAO P","158134","INST.FED.DE EDUC.,CIENC.E TEC.DE SERGIPE","1000000000","RECURSOS LIVRES DA UNIAO",3,"OUTRAS DESPESAS CORRENTES","339000","APLICACOES DIRETAS",2122.02,0,0,0,0,"Reitoria"
"20RL","FUNCIONAMENTO DAS INSTITUICOES DA REDE FEDERAL DE EDUCACAO P","158134","INST.FED.DE EDUC.,CIENC.E TEC.DE SERGIPE","1050000000","RECURSOS PROPRIOS LIVRES DA UO",3,"OUTRAS DESPESAS CORRENTES","339000","APLICACOES DIRETAS",24179.19,0,0,0,0,"Reitoria"
"20RL","FUNCIONAMENTO DAS INSTITUICOES DA REDE FEDERAL DE EDUCACAO P","158134","INST.FED.DE EDUC.,CIENC.E TEC.DE SERGIPE","1444000000","DEM.APL.REC.TIT.TN,EX.RF.DIV.PUB.",3,"OUTRAS DESPESAS CORRENTES","339000","APLICACOES DIRETAS",1530113.02,0,0,0,0,"Reitoria"
"216H","AJUDA DE CUSTO PARA MORADIA OU AUXILIO-MORADIA A AGENTES PUB","158134","INST.FED.DE EDUC.,CIENC.E TEC.DE SERGIPE","1000000000","RECURSOS LIVRES DA UNIAO",3,"OUTRAS DESPESAS CORRENTES","339000","APLICACOES DIRETAS",9000,0,0,0,0,"Reitoria"
"2994","ASSISTENCIA AOS ESTUDANTES DAS INSTITUICOES FEDERAIS DE EDUC","158134","INST.FED.DE EDUC.,CIENC.E TEC.DE SERGIPE","1000000000","RECURSOS LIVRES DA UNIAO",3,"OUTRAS DESPESAS CORRENTES","339000","APLICACOES DIRETAS",194681,0,0,0,0,"Reitoria"
"2994","ASSISTENCIA AOS ESTUDANTES DAS INSTITUICOES FEDERAIS DE EDUC","158134","INST.FED.DE EDUC.,CIENC.E TEC.DE SERGIPE","1444000000","DEM.APL.REC.TIT.TN,EX.RF.DIV.PUB.",3,"OUTRAS DESPESAS CORRENTES","339000","APLICACOES DIRETAS",155669,0,0,0,0,"Reitoria"
"4572","CAPACITACAO DE SERVIDORES PUBLICOS FEDERAIS EM PROCESSO DE Q","158134","INST.FED.DE EDUC.,CIENC.E TEC.DE SERGIPE","1000000000","RECURSOS LIVRES DA UNIAO",3,"OUTRAS DESPESAS CORRENTES","339000","APLICACOES DIRETAS",30191,0,0,0,0,"Reitoria"
